{
  "last_close": {
    "SAMMXP": 11.974071845847773,
    "SONMXP": 11.641532182693481,
    "RFTMXP": 23.39646261745308,
    "BAUMXP": 20.726449948139543,
    "DSGMXP": 44.98113907714546,
    "ZHNMXP1": 18.785994598395376,
    "ZHNMXP2": 18.590307154662092,
    "DECIMA_REAL": 17.846694868475605,
    "Grammatik": 7.041410679055459,
    "Literatur": 51.41606529401942,
    "Krimi": 110.59562685013917,
    "Hörverstehen": 9.405312835595506,
    "Kommunikation": 9.221423888493838
  },
  "ema_buffers": {}
}