{
  "last_close": {
    "SAMMXP": 14.704920891711108,
    "SONMXP": 14.551915228366852,
    "RFTMXP": 23.60843807736972,
    "BAUMXP": 21.921768088735263,
    "DSGMXP": 47.60303951320563,
    "ZHNMXP1": 18.748803332820746,
    "ZHNMXP2": 18.553503298103863,
    "DECIMA_REAL": 17.811363166179706,
    "Grammatik": 5.986204205375911,
    "Literatur": 51.40844165286782,
    "Krimi": 121.64466486558872,
    "Hörverstehen": 7.995858474323539,
    "Kommunikation": 8.069842831421338
  },
  "ema_buffers": {}
}